en,fr,de,es,cs,pt,pl,ar,ru,ja
Donald Trump (song),Sergio Vega,Betsie Larkin,Diócesis de Basilea,Heorhij Majboroda,William Paterson,Okręg jablanicki,تقييم تمريضي,Яска,テアトル弘前
1984 Leeds City Council election,Hospice Gantois,Chicanná,Ministerio de Asuntos Exteriores (India),James Dewey Watson,Breanna Yde,Kyle Reese,العلاقات اليمنية البنينية,"Лещинский, Анджей",イル川 (フランス)
Athletics at the 1997 Summer Universiade – Women's 4 × 400 metres relay,Tom Manning,Scholich,Selección de críquet de Sint Maarten,Sebevražedné myšlenky,Condado de Keya Paha,Tiril Udnes Weng,هانس خواكيم ماك,Уткина Заводь (исторический район),日本ブラジリアンワックス協会
Wage Workers Party,Jean Chrysostome Janvier Monneron,Un autre monde,Paco de Lucía,Chu-tchung,Vonones,Jim McInally,شهرك أوتش تبة كرد,U-43,ガーデンナイフ
Sol Yurick,Franz Etzel,Petar Belberow,PaRappa the Rapper 2,Richard Neville (5. hrabě ze Salisbury),Campeonato Marroquino de Futebol de 2001-02,Rozgniotkowate,جوست,Повесть непогашенной луны,OCCAR
Cantera (stone),(16439) Yamehoshinokawa,Parlamentsdienste,He's the King,Seník (Jankovice),Star Mountain,Rydzyna (gmina),كأس بلجيكا 2016–17,"Фесенко, Екатерина Алексеевна",ブガッティ・タイプ35
HOMFLY polynomial,IPhone 3GS,Europa für Bürgerinnen und Bürger,Ángela Grassi,Syžet,Vita da cani,Devil’s Hole,مانويل روز (لاعب كرة قدم),Бэтмен: Долгий Хэллоуин (мультфильм),バルド国立博物館での銃乱射事件
She Said (film),Bob Richards,Konvent San Miguel (Huejotzingo),Dorothy Young,Richard Fuxa,Sexo não penetrativo,Leganés Central,الخوادرة (أولاد يرو),Первый дом де Бурбон,山口放送山口ラジオ中継局
Teri Laadli Main,Comic LO,Naturpark Geschriebenstein-Írottkő,Martijn Kaars,Dům nadace Valentina Gerstbauera,Partido Popular Sindicalista,Račinovci,فوسوت (صلالة),Планисфера Кантино,仁木琢郎
Takino,Atsumi Tanezaki,Herbert Baumeister,Morgen Freiheit,Ladislav Špidla,Sebastián Fernández (automobilista),Kotynia,فان جونسون (توضيح),Среди серых камней,リバース (ジェニファー・ロペスのアルバム)
